ds,trend,yhat_lower,yhat_upper,trend_lower,trend_upper,additive_terms,additive_terms_lower,additive_terms_upper,weekly,weekly_lower,weekly_upper,multiplicative_terms,multiplicative_terms_lower,multiplicative_terms_upper,yhat
2024-02-14,407.63574525,393.6331575139713,416.11815045118504,407.63574525,407.63574525,-2.177900276652513,-2.177900276652513,-2.177900276652513,-2.177900276652513,-2.177900276652513,-2.177900276652513,0.0,0.0,0.0,405.4578449733475
2024-02-15,408.00318565368855,395.3950089726336,417.8356594106331,408.00318565368855,408.00318565368855,-2.225048782491437,-2.225048782491437,-2.225048782491437,-2.225048782491437,-2.225048782491437,-2.225048782491437,0.0,0.0,0.0,405.7781368711971
2024-02-16,408.3706260573771,396.3845501959317,419.1619155421627,408.3706260573771,408.3706260573771,-0.7265034817258339,-0.7265034817258339,-0.7265034817258339,-0.7265034817258339,-0.7265034817258339,-0.7265034817258339,0.0,0.0,0.0,407.64412257565124
2024-02-19,409.4729472684426,396.95700962576,418.6682480724,409.4729472684426,409.4729472684426,-1.6053414442439005,-1.6053414442439005,-1.6053414442439005,-1.6053414442439005,-1.6053414442439005,-1.6053414442439005,0.0,0.0,0.0,407.86760582419873
2024-02-20,409.84038767213116,395.8392868729941,419.1670507176206,409.84038767213116,409.84038767213116,-2.389118141126492,-2.389118141126492,-2.389118141126492,-2.389118141126492,-2.389118141126492,-2.389118141126492,0.0,0.0,0.0,407.45126953100464
2024-02-21,410.2078280758197,396.62697621074204,419.62148473540435,410.2078280758197,410.2078280758197,-2.1779002766436597,-2.1779002766436597,-2.1779002766436597,-2.1779002766436597,-2.1779002766436597,-2.1779002766436597,0.0,0.0,0.0,408.02992779917605
2024-02-22,410.5752684795082,397.06185706971456,419.76550189197854,410.5752684795082,410.5752684795082,-2.225048782499242,-2.225048782499242,-2.225048782499242,-2.225048782499242,-2.225048782499242,-2.225048782499242,0.0,0.0,0.0,408.350219697009
2024-02-23,410.9427088831967,399.2508521086301,421.4047940210472,410.9427088831967,410.9427088831967,-0.7265034817277737,-0.7265034817277737,-0.7265034817277737,-0.7265034817277737,-0.7265034817277737,-0.7265034817277737,0.0,0.0,0.0,410.2162054014689
2024-02-26,412.0450300942623,398.48903714180904,420.71726991326574,412.0450300942623,412.0450300942623,-1.605341444247964,-1.605341444247964,-1.605341444247964,-1.605341444247964,-1.605341444247964,-1.605341444247964,0.0,0.0,0.0,410.4396886500143
2024-02-27,412.4124705428059,398.5124451545189,421.16704386024344,412.4124705428059,412.4124705428059,-2.3891181411352727,-2.3891181411352727,-2.3891181411352727,-2.3891181411352727,-2.3891181411352727,-2.3891181411352727,0.0,0.0,0.0,410.02335240167065
2024-02-28,412.77991099134954,399.34935479027735,422.23888319107334,412.77991099134954,412.77991099134954,-2.1779002766535482,-2.1779002766535482,-2.1779002766535482,-2.1779002766535482,-2.1779002766535482,-2.1779002766535482,0.0,0.0,0.0,410.602010714696
2024-02-29,413.14735143989316,399.8094053004777,422.11212366818563,413.14735143989316,413.14735143989316,-2.2250487824964047,-2.2250487824964047,-2.2250487824964047,-2.2250487824964047,-2.2250487824964047,-2.2250487824964047,0.0,0.0,0.0,410.92230265739676
2024-03-01,413.5147918884368,401.4857487770464,423.8442064206536,413.5147918884368,413.5147918884368,-0.7265034817179964,-0.7265034817179964,-0.7265034817179964,-0.7265034817179964,-0.7265034817179964,-0.7265034817179964,0.0,0.0,0.0,412.7882884067188
2024-03-02,413.8822323369804,411.1517770931104,433.40019086466816,413.8822323369804,413.8822323369804,8.163558175877547,8.163558175877547,8.163558175877547,8.163558175877547,8.163558175877547,8.163558175877547,0.0,0.0,0.0,422.04579051285793
2024-03-04,414.61711323406763,400.84931379191335,423.9851204219781,414.61711323406763,414.61711323406763,-1.6053414442412783,-1.6053414442412783,-1.6053414442412783,-1.6053414442412783,-1.6053414442412783,-1.6053414442412783,0.0,0.0,0.0,413.01177178982635
2024-03-05,414.9845536826112,402.60815041073994,423.01830988717876,414.9845536826112,414.9845536826112,-2.3891181411173394,-2.3891181411173394,-2.3891181411173394,-2.3891181411173394,-2.3891181411173394,-2.3891181411173394,0.0,0.0,0.0,412.5954355414938
2024-03-06,415.35199413115487,402.60830731279617,425.01784083217086,415.35199413115487,415.35199413115487,-2.1779002766713322,-2.1779002766713322,-2.1779002766713322,-2.1779002766713322,-2.1779002766713322,-2.1779002766713322,0.0,0.0,0.0,413.17409385448354
2024-03-07,415.71943457208846,402.04774228084653,424.21827487284037,415.71943457208846,415.71943457208846,-2.2250487824958505,-2.2250487824958505,-2.2250487824958505,-2.2250487824958505,-2.2250487824958505,-2.2250487824958505,0.0,0.0,0.0,413.4943857895926
2024-03-11,417.1891963358229,404.39809507541014,426.5433465174073,417.1891963358229,417.1891963358229,-1.6053414442453415,-1.6053414442453415,-1.6053414442453415,-1.6053414442453415,-1.6053414442453415,-1.6053414442453415,0.0,0.0,0.0,415.5838548915775
2024-03-12,417.5566367767565,404.160237634076,426.3736365003117,417.5566367767565,417.5566367767565,-2.38911814112612,-2.38911814112612,-2.38911814112612,-2.38911814112612,-2.38911814112612,-2.38911814112612,0.0,0.0,0.0,415.16751863563036
2024-03-13,417.92407721769007,405.03724400213906,427.4683478008435,417.92407721769007,417.92407721769007,-2.177900276662479,-2.177900276662479,-2.177900276662479,-2.177900276662479,-2.177900276662479,-2.177900276662479,0.0,0.0,0.0,415.7461769410276
2024-03-14,418.29151765862366,405.8441544753762,427.38008944617405,418.29151765862366,418.29151765862366,-2.225048782493013,-2.225048782493013,-2.225048782493013,-2.225048782493013,-2.225048782493013,-2.225048782493013,0.0,0.0,0.0,416.06646887613067
2024-03-15,418.6589580995573,407.0049034943612,429.9713667962925,418.6589580995573,418.6589580995573,-0.7265034817043013,-0.7265034817043013,-0.7265034817043013,-0.7265034817043013,-0.7265034817043013,-0.7265034817043013,0.0,0.0,0.0,417.932454617853
2024-03-18,419.7612794223581,407.12798377884167,429.9500358727566,419.7612794223581,419.7612794223581,-1.6053414442405023,-1.6053414442405023,-1.6053414442405023,-1.6053414442405023,-1.6053414442405023,-1.6053414442405023,0.0,0.0,0.0,418.1559379781176
2024-03-19,420.12871986329174,406.5299666203151,429.04415034835796,420.12871986329174,420.12871986329174,-2.3891181411215427,-2.3891181411215427,-2.3891181411215427,-2.3891181411215427,-2.3891181411215427,-2.3891181411215427,0.0,0.0,0.0,417.73960172217016
2024-03-20,420.4961600224502,406.54803572469035,428.7262689221625,420.4961600224502,420.4961600224502,-2.177900276653627,-2.177900276653627,-2.177900276653627,-2.177900276653627,-2.177900276653627,-2.177900276653627,0.0,0.0,0.0,418.3182597457966
2024-03-21,420.8636001816088,407.259669844507,430.5121861803915,420.8636001816088,420.8636001816088,-2.225048782500819,-2.225048782500819,-2.225048782500819,-2.225048782500819,-2.225048782500819,-2.225048782500819,0.0,0.0,0.0,418.63855139910794
2024-03-22,421.23104034076727,408.91420266408534,431.685894276643,421.23104034076727,421.23104034076727,-0.7265034817003824,-0.7265034817003824,-0.7265034817003824,-0.7265034817003824,-0.7265034817003824,-0.7265034817003824,0.0,0.0,0.0,420.5045368590669
2024-03-26,422.70080097740123,408.25023901858924,430.976099783783,422.70080097740123,422.70080097740123,-2.3891181411303237,-2.3891181411303237,-2.3891181411303237,-2.3891181411303237,-2.3891181411303237,-2.3891181411303237,0.0,0.0,0.0,420.3116828362709
2024-03-27,423.0682411365597,409.73113721094535,432.2210438546288,423.0682411365597,423.0682411365597,-2.1779002766580913,-2.1779002766580913,-2.1779002766580913,-2.1779002766580913,-2.1779002766580913,-2.1779002766580913,0.0,0.0,0.0,420.89034085990164
2024-03-28,423.4356812957182,409.59418299632244,432.0146108021727,423.4356812957182,423.4356812957182,-2.225048782487339,-2.225048782487339,-2.225048782487339,-2.225048782487339,-2.225048782487339,-2.225048782487339,0.0,0.0,0.0,421.21063251323085
2024-04-01,424.90544193235223,411.90497024023045,434.7556492719862,424.90544193235223,424.90544193235223,-1.6053414442378795,-1.6053414442378795,-1.6053414442378795,-1.6053414442378795,-1.6053414442378795,-1.6053414442378795,0.0,0.0,0.0,423.30010048811437
2024-04-02,425.2728820915107,411.4258011062829,434.05911166130045,425.2728820915107,425.2728820915107,-2.38911814112085,-2.38911814112085,-2.38911814112085,-2.38911814112085,-2.38911814112085,-2.38911814112085,0.0,0.0,0.0,422.8837639503899
2024-04-03,425.6403220947569,412.46343224174166,434.4782661197815,425.6403220947569,425.6403220947569,-2.177900276641344,-2.177900276641344,-2.177900276641344,-2.177900276641344,-2.177900276641344,-2.177900276641344,0.0,0.0,0.0,423.46242181811556
2024-04-04,426.00776209800307,412.53094252994856,434.2603365932505,426.00776209800307,426.00776209800307,-2.225048782495144,-2.225048782495144,-2.225048782495144,-2.225048782495144,-2.225048782495144,-2.225048782495144,0.0,0.0,0.0,423.7827133155079
2024-04-05,426.3752021012492,414.2301134981837,437.1130508328569,426.3752021012492,426.3752021012492,-0.7265034817214711,-0.7265034817214711,-0.7265034817214711,-0.7265034817214711,-0.7265034817214711,-0.7265034817214711,0.0,0.0,0.0,425.64869861952775
2024-04-08,427.47752211098776,414.4642690446023,436.4637020048612,427.47752211098776,427.47752211098776,-1.6053414442526932,-1.6053414442526932,-1.6053414442526932,-1.6053414442526932,-1.6053414442526932,-1.6053414442526932,0.0,0.0,0.0,425.87218066673506
2024-04-09,427.8449621142339,414.4695711006265,436.113382629992,427.8449621142339,427.8449621142339,-2.3891181411162727,-2.3891181411162727,-2.3891181411162727,-2.3891181411162727,-2.3891181411162727,-2.3891181411162727,0.0,0.0,0.0,425.4558439731176
2024-04-10,428.2124021174801,414.7231686127457,438.1600034077707,428.2124021174801,428.2124021174801,-2.1779002766591273,-2.1779002766591273,-2.1779002766591273,-2.1779002766591273,-2.1779002766591273,-2.1779002766591273,0.0,0.0,0.0,426.034501840821
2024-04-12,428.9472821239724,416.77837509232387,439.3661799473478,428.9472821239724,428.9472821239724,-0.7265034817175527,-0.7265034817175527,-0.7265034817175527,-0.7265034817175527,-0.7265034817175527,-0.7265034817175527,0.0,0.0,0.0,428.22077864225486
2024-04-15,430.04960213371095,417.7584586392993,440.10768330870826,430.04960213371095,430.04960213371095,-1.6053414442460068,-1.6053414442460068,-1.6053414442460068,-1.6053414442460068,-1.6053414442460068,-1.6053414442460068,0.0,0.0,0.0,428.44426068946495
2024-04-16,430.3392622215883,416.8832189355928,439.46006023912287,430.3392622215883,430.3392622215883,-2.389118141111697,-2.389118141111697,-2.389118141111697,-2.389118141111697,-2.389118141111697,-2.389118141111697,0.0,0.0,0.0,427.9501440804766
2024-04-18,430.9185823973429,417.1632910045201,440.2997504607444,430.9185823973429,430.9185823973429,-2.2250487825001115,-2.2250487825001115,-2.2250487825001115,-2.2250487825001115,-2.2250487825001115,-2.2250487825001115,0.0,0.0,0.0,428.6935336148428
2024-04-19,431.2082424852202,418.94605919451044,441.3193504990212,431.2082424852202,431.2082424852202,-0.7265034817425609,-0.7265034817425609,-0.7265034817425609,-0.7265034817425609,-0.7265034817425609,-0.7265034817425609,0.0,0.0,0.0,430.4817390034776
2024-04-22,432.0772227488522,419.1537607078464,442.0359195540027,432.0772227488522,432.0772227488522,-1.6053414442393206,-1.6053414442393206,-1.6053414442393206,-1.6053414442393206,-1.6053414442393206,-1.6053414442393206,0.0,0.0,0.0,430.47188130461285
2024-04-23,432.3668828367295,418.99630647692504,441.0261601285647,432.3668828367295,432.3668828367295,-2.3891181411204774,-2.3891181411204774,-2.3891181411204774,-2.3891181411204774,-2.3891181411204774,-2.3891181411204774,0.0,0.0,0.0,429.977764695609
2024-04-24,432.6565429246068,418.9946383660343,441.3376153653659,432.6565429246068,432.6565429246068,-2.1779002766547393,-2.1779002766547393,-2.1779002766547393,-2.1779002766547393,-2.1779002766547393,-2.1779002766547393,0.0,0.0,0.0,430.4786426479521
2024-04-25,432.9462030124841,419.7458056657206,442.0948634343519,432.9462030124841,432.9462030124841,-2.2250487825102003,-2.2250487825102003,-2.2250487825102003,-2.2250487825102003,-2.2250487825102003,-2.2250487825102003,0.0,0.0,0.0,430.7211542299739
2024-04-26,433.2358631003615,421.0391916345244,443.4818728171766,433.2358631003615,433.2358631003615,-0.7265034817327836,-0.7265034817327836,-0.7265034817327836,-0.7265034817327836,-0.7265034817327836,-0.7265034817327836,0.0,0.0,0.0,432.5093596186287
2024-04-29,433.2226855996492,420.1375473197794,442.85395048735774,433.2226855996492,433.2226855996492,-1.6053414442452316,-1.6053414442452316,-1.6053414442452316,-1.6053414442452316,-1.6053414442452316,-1.6053414442452316,0.0,0.0,0.0,431.61734415540394
2024-04-30,433.2182930994117,419.58763546628364,441.4030359097333,433.2182930994117,433.2182930994117,-2.38911814112436,-2.38911814112436,-2.38911814112436,-2.38911814112436,-2.38911814112436,-2.38911814112436,0.0,0.0,0.0,430.82917495828735
2024-05-02,433.20950809893685,420.48708866771364,441.7652425731193,433.20950809893685,433.20950809893685,-2.225048782496721,-2.225048782496721,-2.225048782496721,-2.225048782496721,-2.225048782496721,-2.225048782496721,0.0,0.0,0.0,430.9844593164401
2024-05-03,433.2051155986994,421.66931313643624,443.55184003341327,433.2051155986994,433.2051155986994,-0.7265034817347227,-0.7265034817347227,-0.7265034817347227,-0.7265034817347227,-0.7265034817347227,-0.7265034817347227,0.0,0.0,0.0,432.4786121169647
2024-05-06,433.19193809798713,420.32238052108215,442.7007501082789,433.19193809798713,433.19193809798713,-1.6053414442385447,-1.6053414442385447,-1.6053414442385447,-1.6053414442385447,-1.6053414442385447,-1.6053414442385447,0.0,0.0,0.0,431.5865966537486
2024-05-07,433.18754559774965,419.58776920411674,441.66219555265764,433.18754559774965,433.18754559774965,-2.3891181411331397,-2.3891181411331397,-2.3891181411331397,-2.3891181411331397,-2.3891181411331397,-2.3891181411331397,0.0,0.0,0.0,430.7984274566165
2024-05-08,433.1831530975123,420.06733368464234,442.1632006621482,433.1831530975123,433.1831530975123,-2.1779002766636704,-2.1779002766636704,-2.1779002766636704,-2.1779002766636704,-2.1779002766636704,-2.1779002766636704,0.0,0.0,0.0,431.0052528208486
2024-05-09,433.1787605972748,419.88830481481614,442.73637366368104,433.1787605972748,433.1787605972748,-2.225048782504526,-2.225048782504526,-2.225048782504526,-2.225048782504526,-2.225048782504526,-2.225048782504526,0.0,0.0,0.0,430.95371181477026
2024-05-10,433.1743674758247,420.7991041048822,443.70087403372264,433.1743674758247,433.1743674758247,-0.7265034817249459,-0.7265034817249459,-0.7265034817249459,-0.7265034817249459,-0.7265034817249459,-0.7265034817249459,0.0,0.0,0.0,432.44786399409975
2024-05-13,433.1611881114743,419.94639344543896,442.9720541764355,433.1611881114743,433.1611881114743,-1.6053414442533582,-1.6053414442533582,-1.6053414442533582,-1.6053414442533582,-1.6053414442533582,-1.6053414442533582,0.0,0.0,0.0,431.5558466672209
2024-05-14,433.15679499002425,419.7628895768848,441.89948672934776,433.15679499002425,433.15679499002425,-2.389118141115207,-2.389118141115207,-2.389118141115207,-2.389118141115207,-2.389118141115207,-2.389118141115207,0.0,0.0,0.0,430.76767684890905
2024-05-15,433.1524018685741,420.51037901049637,441.41967003538423,433.1524018685741,433.1524018685741,-2.177900276654817,-2.177900276654817,-2.177900276654817,-2.177900276654817,-2.177900276654817,-2.177900276654817,0.0,0.0,0.0,430.97450159191925
2024-05-16,433.148008747124,419.94437449326716,441.35315746421577,433.148008747124,433.148008747124,-2.2250487824933303,-2.2250487824933303,-2.2250487824933303,-2.2250487824933303,-2.2250487824933303,-2.2250487824933303,0.0,0.0,0.0,430.92295996463065
2024-05-17,433.1436156256739,421.5487531511872,443.44495586479854,433.1436156256739,433.1436156256739,-0.7265034817151689,-0.7265034817151689,-0.7265034817151689,-0.7265034817151689,-0.7265034817151689,-0.7265034817151689,0.0,0.0,0.0,432.4171121439587
2024-05-18,433.13922250422377,430.6637863433379,452.3480090675231,433.13922250422377,433.13922250422377,8.163558175877577,8.163558175877577,8.163558175877577,8.163558175877577,8.163558175877577,8.163558175877577,0.0,0.0,0.0,441.30278068010136
2024-05-21,433.12604313987345,419.49724427149323,442.21479742991613,433.12604313987345,433.12604313987345,-2.389118141123986,-2.389118141123986,-2.389118141123986,-2.389118141123986,-2.389118141123986,-2.389118141123986,0.0,0.0,0.0,430.7369249987495
2024-05-22,433.12165001550295,419.6865377047239,441.4609516205662,433.12165001550295,433.12165001550295,-2.1779002766513873,-2.1779002766513873,-2.1779002766513873,-2.1779002766513873,-2.1779002766513873,-2.1779002766513873,0.0,0.0,0.0,430.9437497388516
2024-05-23,433.11725689113246,419.5633734296037,441.8967256925921,433.11725689113246,433.11725689113246,-2.2250487825011356,-2.2250487825011356,-2.2250487825011356,-2.2250487825011356,-2.2250487825011356,-2.2250487825011356,0.0,0.0,0.0,430.89220810863134
2024-05-24,433.11286376676196,421.3720921952839,442.90564422445107,433.11286376676196,433.11286376676196,-0.7265034817171085,-0.7265034817171085,-0.7265034817171085,-0.7265034817171085,-0.7265034817171085,-0.7265034817171085,0.0,0.0,0.0,432.3863602850449
2024-05-27,433.09968439365036,420.40921702498673,443.1212891813328,433.09968439365036,433.09968439365036,-1.605341444241833,-1.605341444241833,-1.605341444241833,-1.605341444241833,-1.605341444241833,-1.605341444241833,0.0,0.0,0.0,431.4943429494085
2024-05-28,433.09529126927987,419.2623932604942,441.9473760891391,433.09529126927987,433.09529126927987,-2.3891181411327667,-2.3891181411327667,-2.3891181411327667,-2.3891181411327667,-2.3891181411327667,-2.3891181411327667,0.0,0.0,0.0,430.7061731281471
2024-05-29,433.0908981449094,419.42804469057927,442.0948812002499,433.0908981449094,433.0908981449094,-2.1779002766425344,-2.1779002766425344,-2.1779002766425344,-2.1779002766425344,-2.1779002766425344,-2.1779002766425344,0.0,0.0,0.0,430.9129978682668
2024-05-30,433.0865050205389,419.08210590808517,441.5248011366624,433.0865050205389,433.0865050205389,-2.225048782498298,-2.225048782498298,-2.225048782498298,-2.225048782498298,-2.225048782498298,-2.225048782498298,0.0,0.0,0.0,430.8614562380406
2024-05-31,433.08211189616827,420.3814413366903,443.86297450430925,433.08211189616827,433.08211189616827,-0.7265034817073317,-0.7265034817073317,-0.7265034817073317,-0.7265034817073317,-0.7265034817073317,-0.7265034817073317,0.0,0.0,0.0,432.35560841446096
2024-06-03,433.06893255005537,419.5654755050097,442.8531397222145,433.06893255005537,433.06893255005537,-1.605341444235147,-1.605341444235147,-1.605341444235147,-1.605341444235147,-1.605341444235147,-1.605341444235147,0.0,0.0,0.0,431.4635911058202
2024-06-04,433.0645394346844,419.55756404562834,441.8868050077626,433.0645394346844,433.0645394346844,-2.3891181411148343,-2.3891181411148343,-2.3891181411148343,-2.3891181411148343,-2.3891181411148343,-2.3891181411148343,0.0,0.0,0.0,430.67542129356957
2024-06-05,433.06014631931345,419.34458098049413,442.13134421181513,433.06014631931345,433.06014631931345,-2.177900276660318,-2.177900276660318,-2.177900276660318,-2.177900276660318,-2.177900276660318,-2.177900276660318,0.0,0.0,0.0,430.88224604265315
2024-06-06,433.0557532039424,419.63198571872385,442.2632445635446,433.0557532039424,433.0557532039424,-2.2250487824954606,-2.2250487824954606,-2.2250487824954606,-2.2250487824954606,-2.2250487824954606,-2.2250487824954606,0.0,0.0,0.0,430.83070442144697
2024-06-07,433.0513600885714,421.02422988286554,443.449932966604,433.0513600885714,433.0513600885714,-0.7265034817323396,-0.7265034817323396,-0.7265034817323396,-0.7265034817323396,-0.7265034817323396,-0.7265034817323396,0.0,0.0,0.0,432.3248566068391
2024-06-10,433.0381807424585,420.5897805917988,442.14772080242943,433.0381807424585,433.0381807424585,-1.6053414442392104,-1.6053414442392104,-1.6053414442392104,-1.6053414442392104,-1.6053414442392104,-1.6053414442392104,0.0,0.0,0.0,431.4328392982193
2024-06-11,433.03378762708746,419.2385458698464,442.502889235203,433.03378762708746,433.03378762708746,-2.389118141123614,-2.389118141123614,-2.389118141123614,-2.389118141123614,-2.389118141123614,-2.389118141123614,0.0,0.0,0.0,430.64466948596385
2024-06-12,433.0293945117165,418.73084825609544,441.2535691104567,433.0293945117165,433.0293945117165,-2.1779002766568882,-2.1779002766568882,-2.1779002766568882,-2.1779002766568882,-2.1779002766568882,-2.1779002766568882,0.0,0.0,0.0,430.8514942350596
2024-06-13,433.0250014575845,419.84962344604,440.9424170221212,433.0250014575845,433.0250014575845,-2.2250487824926233,-2.2250487824926233,-2.2250487824926233,-2.2250487824926233,-2.2250487824926233,-2.2250487824926233,0.0,0.0,0.0,430.79995267509184
2024-06-14,433.02060840345257,419.56122976112914,443.3780564941834,433.02060840345257,433.02060840345257,-0.7265034817225624,-0.7265034817225624,-0.7265034817225624,-0.7265034817225624,-0.7265034817225624,-0.7265034817225624,0.0,0.0,0.0,432.29410492173
2024-06-18,433.0030361869247,419.06755511935745,441.672377795496,433.0030361869247,433.0030361869247,-2.389118141127496,-2.389118141127496,-2.389118141127496,-2.389118141127496,-2.389118141127496,-2.389118141127496,0.0,0.0,0.0,430.6139180457972
2024-06-19,432.9986431327927,419.55100675807546,441.5619824202257,432.9986431327927,432.9986431327927,-2.177900276661354,-2.177900276661354,-2.177900276661354,-2.177900276661354,-2.177900276661354,-2.177900276661354,0.0,0.0,0.0,430.82074285613135
2024-06-20,432.99425007866074,419.1829914018819,441.4419559473253,432.99425007866074,432.99425007866074,-2.225048782500429,-2.225048782500429,-2.225048782500429,-2.225048782500429,-2.225048782500429,-2.225048782500429,0.0,0.0,0.0,430.7692012961603
2024-06-21,432.98985702452876,421.17094907401463,442.81347590575496,432.98985702452876,432.98985702452876,-0.7265034817186437,-0.7265034817186437,-0.7265034817186437,-0.7265034817186437,-0.7265034817186437,-0.7265034817186437,0.0,0.0,0.0,432.26335354281014
2024-06-24,432.9766778621329,420.11938555481385,442.6703950411159,432.9766778621329,432.9766778621329,-1.6053414442473373,-1.6053414442473373,-1.6053414442473373,-1.6053414442473373,-1.6053414442473373,-1.6053414442473373,0.0,0.0,0.0,431.3713364178855
2024-06-25,432.97228480800084,419.49563910108765,443.14679120973335,432.97228480800084,432.97228480800084,-2.3891181411362776,-2.3891181411362776,-2.3891181411362776,-2.3891181411362776,-2.3891181411362776,-2.3891181411362776,0.0,0.0,0.0,430.58316666686454
2024-06-26,434.4260928809181,421.3610739484535,443.8015481332142,434.4260928809181,434.4260928809181,-2.1779002766525,-2.1779002766525,-2.1779002766525,-2.1779002766525,-2.1779002766525,-2.1779002766525,0.0,0.0,0.0,432.24819260426557
2024-06-27,435.8799009538353,421.92325449454967,445.33901087297824,435.8799009538353,435.8799009538353,-2.225048782486949,-2.225048782486949,-2.225048782486949,-2.225048782486949,-2.225048782486949,-2.225048782486949,0.0,0.0,0.0,433.65485217134835
2024-06-28,437.3337090267525,425.50110271869903,447.4763935924665,437.3337090267525,437.3337090267525,-0.7265034817147252,-0.7265034817147252,-0.7265034817147252,-0.7265034817147252,-0.7265034817147252,-0.7265034817147252,0.0,0.0,0.0,436.6072055450378
2024-07-01,441.69513324550417,429.06606712560495,451.43649278506626,441.69513324550417,441.69513324550417,-1.6053414442406513,-1.6053414442406513,-1.6053414442406513,-1.6053414442406513,-1.6053414442406513,-1.6053414442406513,0.0,0.0,0.0,440.0897918012635
2024-07-02,443.1489413184214,430.0536906751934,452.31401475076854,443.1489413184214,443.1489413184214,-2.3891181411317,-2.3891181411317,-2.3891181411317,-2.3891181411317,-2.3891181411317,-2.3891181411317,0.0,0.0,0.0,440.7598231772897
2024-07-03,444.6027493913386,431.62479527221495,453.5843255097983,444.6027493913386,444.6027493913386,-2.177900276643647,-2.177900276643647,-2.177900276643647,-2.177900276643647,-2.177900276643647,-2.177900276643647,0.0,0.0,0.0,442.42484911469495
2024-07-04,446.05655746425583,432.926166935246,455.1168416517238,446.05655746425583,446.05655746425583,-2.2250487824970375,-2.2250487824970375,-2.2250487824970375,-2.2250487824970375,-2.2250487824970375,-2.2250487824970375,0.0,0.0,0.0,443.8315086817588
2024-07-05,447.5103655371731,435.59931466495806,458.0002852249832,447.5103655371731,447.5103655371731,-0.7265034817108061,-0.7265034817108061,-0.7265034817108061,-0.7265034817108061,-0.7265034817108061,-0.7265034817108061,0.0,0.0,0.0,446.7838620554623
2024-07-08,452.23794827949024,439.3640134510748,461.90878449753916,452.23794827949024,452.23794827949024,-1.6053414442554643,-1.6053414442554643,-1.6053414442554643,-1.6053414442554643,-1.6053414442554643,-1.6053414442554643,0.0,0.0,0.0,450.63260683523475
2024-07-09,453.81380919359594,440.01625103791173,461.37867918901594,453.81380919359594,453.81380919359594,-2.389118141122226,-2.389118141122226,-2.389118141122226,-2.389118141122226,-2.389118141122226,-2.389118141122226,0.0,0.0,0.0,451.4246910524737
2024-07-10,455.38967010770176,441.46076923550055,463.7944584605145,455.38967010770176,455.38967010770176,-2.1779002766614313,-2.1779002766614313,-2.1779002766614313,-2.1779002766614313,-2.1779002766614313,-2.1779002766614313,0.0,0.0,0.0,453.21176983104033
2024-07-11,456.96553102180746,443.4196928766323,466.29821763894535,456.96553102180746,456.96553102180746,-2.2250487824942002,-2.2250487824942002,-2.2250487824942002,-2.2250487824942002,-2.2250487824942002,-2.2250487824942002,0.0,0.0,0.0,454.7404822393133
2024-07-12,458.5413919359132,445.9929137319694,468.49851753009887,458.5413919359132,458.5413919359132,-0.7265034817010294,-0.7265034817010294,-0.7265034817010294,-0.7265034817010294,-0.7265034817010294,-0.7265034817010294,0.0,0.0,0.0,457.8148884542122
2024-07-15,463.2689746782304,450.79552974796854,473.02303920769685,463.2689746782304,463.2689746782304,-1.6053414442398761,-1.6053414442398761,-1.6053414442398761,-1.6053414442398761,-1.6053414442398761,-1.6053414442398761,0.0,0.0,0.0,461.66363323399054
2024-07-16,464.84483559233615,451.8647880211852,473.06834945757305,464.84483559233615,464.84483559233615,-2.38911814111765,-2.38911814111765,-2.38911814111765,-2.38911814111765,-2.38911814111765,-2.38911814111765,0.0,0.0,0.0,462.4557174512185
2024-07-18,467.9965574205477,455.2282272882375,477.77396475761174,467.9965574205477,467.9965574205477,-2.225048782502006,-2.225048782502006,-2.225048782502006,-2.225048782502006,-2.225048782502006,-2.225048782502006,0.0,0.0,0.0,465.77150863804565
2024-07-19,469.57241679829684,457.5875111641704,480.0496319042975,469.57241679829684,469.57241679829684,-0.7265034817029692,-0.7265034817029692,-0.7265034817029692,-0.7265034817029692,-0.7265034817029692,-0.7265034817029692,0.0,0.0,0.0,468.84591331659385
2024-07-22,474.29999493154446,462.151147245512,483.83722014872484,474.29999493154446,474.29999493154446,-1.605341444243939,-1.605341444243939,-1.605341444243939,-1.605341444243939,-1.605341444243939,-1.605341444243939,0.0,0.0,0.0,472.6946534873005
2024-07-23,475.87585430929363,462.0494931350106,484.9289155370669,475.87585430929363,475.87585430929363,-2.38911814112643,-2.38911814112643,-2.38911814112643,-2.38911814112643,-2.38911814112643,-2.38911814112643,0.0,0.0,0.0,473.4867361681672
2024-07-24,477.45171368704285,464.41724067189534,487.3564459776571,477.45171368704285,477.45171368704285,-2.1779002766570437,-2.1779002766570437,-2.1779002766570437,-2.1779002766570437,-2.1779002766570437,-2.1779002766570437,0.0,0.0,0.0,475.2738134103858
2024-07-25,479.0275730647921,466.0942325920527,488.22986024796285,479.0275730647921,479.0275730647921,-2.2250487825098104,-2.2250487825098104,-2.2250487825098104,-2.2250487825098104,-2.2250487825098104,-2.2250487825098104,0.0,0.0,0.0,476.80252428228226
2024-07-26,480.60343244254125,468.6308793248373,490.8690142214443,480.60343244254125,480.60343244254125,-0.7265034817221184,-0.7265034817221184,-0.7265034817221184,-0.7265034817221184,-0.7265034817221184,-0.7265034817221184,0.0,0.0,0.0,479.87692896081916
2024-07-29,485.33101057578887,472.8909474570326,494.5944339037137,485.33101057578887,485.33101057578887,-1.6053414442372533,-1.6053414442372533,-1.6053414442372533,-1.6053414442372533,-1.6053414442372533,-1.6053414442372533,0.0,0.0,0.0,483.7256691315516
2024-07-30,486.9068699535381,473.44236921730646,495.7254113845934,486.9068699535381,486.9068699535381,-2.3891181411218536,-2.3891181411218536,-2.3891181411218536,-2.3891181411218536,-2.3891181411218536,-2.3891181411218536,0.0,0.0,0.0,484.51775181241624
2024-07-31,487.9101481161233,474.3042966568284,496.1141430263627,487.9101481161233,487.9101481161233,-2.177900276653614,-2.177900276653614,-2.177900276653614,-2.177900276653614,-2.177900276653614,-2.177900276653614,0.0,0.0,0.0,485.7322478394697
2024-08-01,488.9134262787086,475.37770623343533,497.68325156078515,488.9134262787086,488.9134262787086,-2.225048782496331,-2.225048782496331,-2.225048782496331,-2.225048782496331,-2.225048782496331,-2.225048782496331,0.0,0.0,0.0,486.68837749621224
2024-08-02,489.91670444129386,478.1366539070433,501.0122962511203,489.91670444129386,489.91670444129386,-0.726503481724058,-0.726503481724058,-0.726503481724058,-0.726503481724058,-0.726503481724058,-0.726503481724058,0.0,0.0,0.0,489.1902009595698
2024-08-05,492.9265389290497,480.5718980669499,502.77968124323434,492.9265389290497,492.9265389290497,-1.6053414442305671,-1.6053414442305671,-1.6053414442305671,-1.6053414442305671,-1.6053414442305671,-1.6053414442305671,0.0,0.0,0.0,491.3211974848191
2024-08-06,493.9298170916349,480.6492280962764,503.4444422636782,493.9298170916349,493.9298170916349,-2.389118141130634,-2.389118141130634,-2.389118141130634,-2.389118141130634,-2.389118141130634,-2.389118141130634,0.0,0.0,0.0,491.5406989505043
2024-08-07,494.9330952542202,481.5318612077447,504.08160186731953,494.9330952542202,494.9330952542202,-2.177900276658079,-2.177900276658079,-2.177900276658079,-2.177900276658079,-2.177900276658079,-2.177900276658079,0.0,0.0,0.0,492.7551949775621
2024-08-08,495.93637341680545,482.511739796215,504.64193481637403,495.93637341680545,495.93637341680545,-2.2250487825041363,-2.2250487825041363,-2.2250487825041363,-2.2250487825041363,-2.2250487825041363,-2.2250487825041363,0.0,0.0,0.0,493.7113246343013
2024-08-09,496.9396515793907,485.083389631588,507.8047082729593,496.9396515793907,496.9396515793907,-0.7265034817142813,-0.7265034817142813,-0.7265034817142813,-0.7265034817142813,-0.7265034817142813,-0.7265034817142813,0.0,0.0,0.0,496.2131480976764
2024-08-12,498.7093730978842,486.00864163094525,508.002330254967,498.7093730978842,498.7093730978842,-1.605341444247228,-1.605341444247228,-1.605341444247228,-1.605341444247228,-1.605341444247228,-1.605341444247228,0.0,0.0,0.0,497.104031653637
2024-08-13,499.2992802707154,486.47216696803827,508.0737614424414,499.2992802707154,499.2992802707154,-2.3891181411127005,-2.3891181411127005,-2.3891181411127005,-2.3891181411127005,-2.3891181411127005,-2.3891181411127005,0.0,0.0,0.0,496.9101621296027
2024-08-14,499.8891874435466,487.55363017388504,509.53088810222084,499.8891874435466,499.8891874435466,-2.1779002766492264,-2.1779002766492264,-2.1779002766492264,-2.1779002766492264,-2.1779002766492264,-2.1779002766492264,0.0,0.0,0.0,497.71128716689736
2024-08-16,501.0690017892089,488.9169662446482,512.0496083785874,501.0690017892089,501.0690017892089,-0.7265034817392888,-0.7265034817392888,-0.7265034817392888,-0.7265034817392888,-0.7265034817392888,-0.7265034817392888,0.0,0.0,0.0,500.3424983074696
2024-08-19,502.8387233077024,490.1875503955887,512.0168281410488,502.8387233077024,502.8387233077024,-1.6053414442512912,-1.6053414442512912,-1.6053414442512912,-1.6053414442512912,-1.6053414442512912,-1.6053414442512912,0.0,0.0,0.0,501.23338186345114
2024-08-20,503.4286304805336,489.3168899766579,512.4190102498087,503.4286304805336,503.4286304805336,-2.3891181411214806,-2.3891181411214806,-2.3891181411214806,-2.3891181411214806,-2.3891181411214806,-2.3891181411214806,0.0,0.0,0.0,501.03951233941217
2024-08-21,504.01853765336483,490.2944405654072,513.2923155475316,504.01853765336483,504.01853765336483,-2.1779002766536912,-2.1779002766536912,-2.1779002766536912,-2.1779002766536912,-2.1779002766536912,-2.1779002766536912,0.0,0.0,0.0,501.84063737671113
2024-08-22,504.6084448261959,491.0932489997537,512.7595150423733,504.6084448261959,504.6084448261959,-2.225048782500745,-2.225048782500745,-2.225048782500745,-2.225048782500745,-2.225048782500745,-2.225048782500745,0.0,0.0,0.0,502.3833960436952
2024-08-23,505.04328663837134,492.52315214070006,515.382654350284,505.04328663837134,505.04328663837134,-0.7265034817353704,-0.7265034817353704,-0.7265034817353704,-0.7265034817353704,-0.7265034817353704,-0.7265034817353704,0.0,0.0,0.0,504.31678315663595
2024-08-26,506.34781207489766,494.41795449784763,516.2577460776524,506.34781207489766,506.34781207489766,-1.6053414442446046,-1.6053414442446046,-1.6053414442446046,-1.6053414442446046,-1.6053414442446046,-1.6053414442446046,0.0,0.0,0.0,504.74247063065303
2024-08-27,506.7826538870731,492.9796791054766,515.5903286058543,506.7826538870731,506.7826538870731,-2.3891181411253632,-2.3891181411253632,-2.3891181411253632,-2.3891181411253632,-2.3891181411253632,-2.3891181411253632,0.0,0.0,0.0,504.3935357459477
2024-08-28,507.2174956992485,493.2730109630503,515.9237476754848,507.2174956992485,507.2174956992485,-2.1779002766448374,-2.1779002766448374,-2.1779002766448374,-2.1779002766448374,-2.1779002766448374,-2.1779002766448374,0.0,0.0,0.0,505.03959542260367
2024-08-29,507.6523375114239,494.07241630552653,516.7596189946315,507.6523375114239,507.6523375114239,-2.225048782497908,-2.225048782497908,-2.225048782497908,-2.225048782497908,-2.225048782497908,-2.225048782497908,0.0,0.0,0.0,505.427288728926
2024-08-30,508.08717932359934,495.2659262119422,517.7940210292236,508.08717932359934,508.08717932359934,-0.7265034817314513,-0.7265034817314513,-0.7265034817314513,-0.7265034817314513,-0.7265034817314513,-0.7265034817314513,0.0,0.0,0.0,507.3606758418679
2024-09-02,509.39170476012566,496.6342732009832,518.7043318104211,509.39170476012566,509.39170476012566,-1.6053414442379186,-1.6053414442379186,-1.6053414442379186,-1.6053414442379186,-1.6053414442379186,-1.6053414442379186,0.0,0.0,0.0,507.78636331588774
2024-09-03,509.8265465723011,496.1601429712647,519.678785862166,509.8265465723011,509.8265465723011,-2.389118141120787,-2.389118141120787,-2.389118141120787,-2.389118141120787,-2.389118141120787,-2.389118141120787,0.0,0.0,0.0,507.4374284311803
2024-09-04,510.0943840422634,496.34350520566323,519.0606690877762,510.0943840422634,510.0943840422634,-2.1779002766626223,-2.1779002766626223,-2.1779002766626223,-2.1779002766626223,-2.1779002766626223,-2.1779002766626223,0.0,0.0,0.0,507.9164837656008
2024-09-05,510.36222151222574,498.0035921719793,519.5669862110564,510.36222151222574,510.36222151222574,-2.2250487824950707,-2.2250487824950707,-2.2250487824950707,-2.2250487824950707,-2.2250487824950707,-2.2250487824950707,0.0,0.0,0.0,508.13717272973065
2024-09-06,510.6300589821881,498.64114811071016,521.4821400368481,510.6300589821881,510.6300589821881,-0.7265034817216741,-0.7265034817216741,-0.7265034817216741,-0.7265034817216741,-0.7265034817216741,-0.7265034817216741,0.0,0.0,0.0,509.9035555004664
2024-09-09,511.43357139207495,498.9304418526494,520.7430523940044,511.43357139207495,511.43357139207495,-1.6053414442419822,-1.6053414442419822,-1.6053414442419822,-1.6053414442419822,-1.6053414442419822,-1.6053414442419822,0.0,0.0,0.0,509.828229947833
2024-09-10,511.70140886203734,498.50150025517735,520.4909458103692,511.70140886203734,511.70140886203734,-2.38911814111621,-2.38911814111621,-2.38911814111621,-2.38911814111621,-2.38911814111621,-2.38911814111621,0.0,0.0,0.0,509.3122907209211
2024-09-11,511.96924633199967,499.1406982047504,521.4510687829542,511.96924633199967,511.96924633199967,-2.177900276653769,-2.177900276653769,-2.177900276653769,-2.177900276653769,-2.177900276653769,-2.177900276653769,0.0,0.0,0.0,509.7913460553459
2024-09-12,512.237083801962,497.6644351832414,521.1220267185475,512.237083801962,512.237083801962,-2.2250487824945164,-2.2250487824945164,-2.2250487824945164,-2.2250487824945164,-2.2250487824945164,-2.2250487824945164,0.0,0.0,0.0,510.0120350194674
2024-09-13,512.5049212719242,500.9558937937948,522.5602656205753,512.5049212719242,512.5049212719242,-0.7265034817118975,-0.7265034817118975,-0.7265034817118975,-0.7265034817118975,-0.7265034817118975,-0.7265034817118975,0.0,0.0,0.0,511.7784177902123
2024-09-16,511.8477802002538,499.54028110308116,520.822505638001,511.8477802002538,511.8477802002538,-1.6053414442460456,-1.6053414442460456,-1.6053414442460456,-1.6053414442460456,-1.6053414442460456,-1.6053414442460456,0.0,0.0,0.0,510.24243875600774
2024-09-17,511.62873317636365,498.890269252848,520.5964300233167,511.62873317636365,511.62873317636365,-2.3891181411249907,-2.3891181411249907,-2.3891181411249907,-2.3891181411249907,-2.3891181411249907,-2.3891181411249907,0.0,0.0,0.0,509.23961503523867
2024-09-18,511.4096861524735,497.4745211205672,519.6471425393829,511.4096861524735,511.4096861524735,-2.1779002766503397,-2.1779002766503397,-2.1779002766503397,-2.1779002766503397,-2.1779002766503397,-2.1779002766503397,0.0,0.0,0.0,509.23178587582316
2024-09-19,511.19063912858337,497.1444513982543,520.4827752569165,511.19063912858337,511.19063912858337,-2.2250487825023217,-2.2250487825023217,-2.2250487825023217,-2.2250487825023217,-2.2250487825023217,-2.2250487825023217,0.0,0.0,0.0,508.96559034608106
2024-09-20,510.97159210469323,498.6802175991483,521.0463664837217,510.97159210469323,510.97159210469323,-0.7265034817079791,-0.7265034817079791,-0.7265034817079791,-0.7265034817079791,-0.7265034817079791,-0.7265034817079791,0.0,0.0,0.0,510.24508862298524
2024-09-23,510.3144510330228,496.83202537020145,519.7903209508173,510.3144510330228,510.3144510330228,-1.6053414442412068,-1.6053414442412068,-1.6053414442412068,-1.6053414442412068,-1.6053414442412068,-1.6053414442412068,0.0,0.0,0.0,508.7091095887816
2024-09-24,510.09540400913266,496.56404820739453,518.4929091277567,510.09540400913266,510.09540400913266,-2.3891181411337716,-2.3891181411337716,-2.3891181411337716,-2.3891181411337716,-2.3891181411337716,-2.3891181411337716,0.0,0.0,0.0,507.7062858679989
2024-09-25,509.8763569852425,496.77586143228143,518.5679438507975,509.8763569852425,509.8763569852425,-2.1779002766548046,-2.1779002766548046,-2.1779002766548046,-2.1779002766548046,-2.1779002766548046,-2.1779002766548046,0.0,0.0,0.0,507.69845670858774
2024-09-26,509.32796889168026,495.8716024311035,518.3399379473424,509.32796889168026,509.32796889168026,-2.2250487824888427,-2.2250487824888427,-2.2250487824888427,-2.2250487824888427,-2.2250487824888427,-2.2250487824888427,0.0,0.0,0.0,507.1029201091914
2024-09-27,508.77958079811793,496.3997894661241,519.1539731308825,508.77958079811793,508.77958079811793,-0.7265034817040604,-0.7265034817040604,-0.7265034817040604,-0.7265034817040604,-0.7265034817040604,-0.7265034817040604,0.0,0.0,0.0,508.05307731641386
2024-09-30,507.13441651743113,494.16715341308486,516.7116748183945,507.13441651743113,507.13441651743113,-1.6053414442345206,-1.6053414442345206,-1.6053414442345206,-1.6053414442345206,-1.6053414442345206,-1.6053414442345206,0.0,0.0,0.0,505.5290750731966
2024-10-01,506.58602842386887,492.5940763684487,515.0758248491885,506.58602842386887,506.58602842386887,-2.3891181411291944,-2.3891181411291944,-2.3891181411291944,-2.3891181411291944,-2.3891181411291944,-2.3891181411291944,0.0,0.0,0.0,504.1969102827397
2024-10-03,505.48925223674433,492.16346889260035,514.5382627910013,505.48925223674433,505.48925223674433,-2.2250487824966476,-2.2250487824966476,-2.2250487824966476,-2.2250487824966476,-2.2250487824966476,-2.2250487824966476,0.0,0.0,0.0,503.2642034542477
2024-10-04,504.94086414318207,493.9268354972811,514.8949794637355,504.94086414318207,504.94086414318207,-0.726503481729068,-0.726503481729068,-0.726503481729068,-0.726503481729068,-0.726503481729068,-0.726503481729068,0.0,0.0,0.0,504.214360661453
2024-10-07,503.2956998624952,490.5406335872122,513.3062885502171,503.2956998624952,503.2956998624952,-1.605341444249334,-1.605341444249334,-1.605341444249334,-1.605341444249334,-1.605341444249334,-1.605341444249334,0.0,0.0,0.0,501.69035841824586
2024-10-08,502.74731176893306,489.7225023087397,511.1827164505178,502.74731176893306,502.74731176893306,-2.389118141124619,-2.389118141124619,-2.389118141124619,-2.389118141124619,-2.389118141124619,-2.389118141124619,0.0,0.0,0.0,500.3581936278084
2024-10-09,502.1989237240542,488.2137621805518,510.5672318861911,502.1989237240542,502.1989237240542,-2.1779002766558406,-2.1779002766558406,-2.1779002766558406,-2.1779002766558406,-2.1779002766558406,-2.1779002766558406,0.0,0.0,0.0,500.02102344739836
2024-10-10,501.6505356791754,488.853587826863,511.9104246449472,501.6505356791754,501.6505356791754,-2.2250487824938103,-2.2250487824938103,-2.2250487824938103,-2.2250487824938103,-2.2250487824938103,-2.2250487824938103,0.0,0.0,0.0,499.4254868966816
2024-10-11,501.10214763429656,489.0166148615923,511.0674021934175,501.10214763429656,501.10214763429656,-0.7265034817192912,-0.7265034817192912,-0.7265034817192912,-0.7265034817192912,-0.7265034817192912,-0.7265034817192912,0.0,0.0,0.0,500.37564415257725
2024-10-14,499.4569834996601,487.53791054373863,509.71871497294865,499.4569834996601,499.4569834996601,-1.6053414442426475,-1.6053414442426475,-1.6053414442426475,-1.6053414442426475,-1.6053414442426475,-1.6053414442426475,0.0,0.0,0.0,497.85164205541747
2024-10-15,498.9085954547812,484.9325888080181,507.0853142284594,498.9085954547812,498.9085954547812,-2.389118141128501,-2.389118141128501,-2.389118141128501,-2.389118141128501,-2.389118141128501,-2.389118141128501,0.0,0.0,0.0,496.5194773136527
2024-10-16,498.36020740990244,484.6151163526954,507.36124954225295,498.36020740990244,498.36020740990244,-2.177900276660306,-2.177900276660306,-2.177900276660306,-2.177900276660306,-2.177900276660306,-2.177900276660306,0.0,0.0,0.0,496.18230713324215
2024-10-17,497.81181936502367,485.22405406123096,507.2078310478065,497.81181936502367,497.81181936502367,-2.225048782501615,-2.225048782501615,-2.225048782501615,-2.225048782501615,-2.225048782501615,-2.225048782501615,0.0,0.0,0.0,495.58677058252204
2024-10-18,497.2634313201448,485.81953900141235,507.36308435670963,497.2634313201448,497.2634313201448,-0.7265034817212304,-0.7265034817212304,-0.7265034817212304,-0.7265034817212304,-0.7265034817212304,-0.7265034817212304,0.0,0.0,0.0,496.53692783842354
2024-10-21,495.6182672445825,483.50796390410994,505.4374492912191,495.6182672445825,495.6182672445825,-1.605341444246711,-1.605341444246711,-1.605341444246711,-1.605341444246711,-1.605341444246711,-1.605341444246711,0.0,0.0,0.0,494.0129258003358
2024-10-22,495.06987921939503,481.50445288908435,503.9562380008197,495.06987921939503,495.06987921939503,-2.389118141123925,-2.389118141123925,-2.389118141123925,-2.389118141123925,-2.389118141123925,-2.389118141123925,0.0,0.0,0.0,492.68076107827113
2024-10-23,494.5214911942076,481.15693722580704,503.52709837613565,494.5214911942076,494.5214911942076,-2.177900276651452,-2.177900276651452,-2.177900276651452,-2.177900276651452,-2.177900276651452,-2.177900276651452,0.0,0.0,0.0,492.3435909175562
2024-10-24,493.9731031690202,480.18458106059387,502.8696742962854,493.9731031690202,493.9731031690202,-2.225048782498779,-2.225048782498779,-2.225048782498779,-2.225048782498779,-2.225048782498779,-2.225048782498779,0.0,0.0,0.0,491.7480543865214
2024-10-25,493.4247151438328,480.61849634944326,503.229292493479,493.4247151438328,493.4247151438328,-0.7265034817114531,-0.7265034817114531,-0.7265034817114531,-0.7265034817114531,-0.7265034817114531,-0.7265034817114531,0.0,0.0,0.0,492.69821166212137
2024-10-28,491.77955106827045,478.5413113992892,502.10918509437863,491.77955106827045,491.77955106827045,-1.6053414442400247,-1.6053414442400247,-1.6053414442400247,-1.6053414442400247,-1.6053414442400247,-1.6053414442400247,0.0,0.0,0.0,490.1742096240304
2024-10-29,491.23116304308303,477.41609249455263,499.18624068208,491.23116304308303,491.23116304308303,-2.389118141119348,-2.389118141119348,-2.389118141119348,-2.389118141119348,-2.389118141119348,-2.389118141119348,0.0,0.0,0.0,488.8420449019637
2024-10-30,490.68277501789555,476.60888843833493,500.0638179359607,490.68277501789555,490.68277501789555,-2.177900276669236,-2.177900276669236,-2.177900276669236,-2.177900276669236,-2.177900276669236,-2.177900276669236,0.0,0.0,0.0,488.50487474122633
2024-10-31,490.1509398857409,477.0614662143238,499.1019756047237,490.1509398857409,490.1509398857409,-2.2250487824982246,-2.2250487824982246,-2.2250487824982246,-2.2250487824982246,-2.2250487824982246,-2.2250487824982246,0.0,0.0,0.0,487.9258911032427
2024-11-01,489.61910475358627,477.63378730124236,500.3287517869172,489.61910475358627,489.61910475358627,-0.7265034817075349,-0.7265034817075349,-0.7265034817075349,-0.7265034817075349,-0.7265034817075349,-0.7265034817075349,0.0,0.0,0.0,488.89260127187873
2024-11-04,488.0235993571223,474.5974294529511,497.5037423278024,488.0235993571223,488.0235993571223,-1.6053414442440888,-1.6053414442440888,-1.6053414442440888,-1.6053414442440888,-1.6053414442440888,-1.6053414442440888,0.0,0.0,0.0,486.41825791287823
2024-11-05,487.49176422496765,474.56321977413893,496.70178209931873,487.49176422496765,487.49176422496765,-2.3891181411365876,-2.3891181411365876,-2.3891181411365876,-2.3891181411365876,-2.3891181411365876,-2.3891181411365876,0.0,0.0,0.0,485.1026460838311
2024-11-06,486.959929092813,472.9230609655045,494.6645882744972,486.959929092813,486.959929092813,-2.1779002766603823,-2.1779002766603823,-2.1779002766603823,-2.1779002766603823,-2.1779002766603823,-2.1779002766603823,0.0,0.0,0.0,484.7820288161526
2024-11-07,486.4280939606584,473.2055021588412,495.92545418671807,486.4280939606584,486.4280939606584,-2.2250487824953873,-2.2250487824953873,-2.2250487824953873,-2.2250487824953873,-2.2250487824953873,-2.2250487824953873,0.0,0.0,0.0,484.203045178163
2024-11-08,485.89625882850373,473.9324970042862,496.2868480738587,485.89625882850373,485.89625882850373,-0.7265034817325426,-0.7265034817325426,-0.7265034817325426,-0.7265034817325426,-0.7265034817325426,-0.7265034817325426,0.0,0.0,0.0,485.1697553467712
2024-11-11,484.30075343203976,471.771130997556,493.48780022675805,484.30075343203976,484.30075343203976,-1.6053414442392488,-1.6053414442392488,-1.6053414442392488,-1.6053414442392488,-1.6053414442392488,-1.6053414442392488,0.0,0.0,0.0,482.6954119878005
2024-11-12,483.7971533699671,470.7610822701645,493.24631269608557,483.7971533699671,483.7971533699671,-2.389118141118654,-2.389118141118654,-2.389118141118654,-2.389118141118654,-2.389118141118654,-2.389118141118654,0.0,0.0,0.0,481.4080352288484
2024-11-13,483.29355330789446,469.2493421185349,491.5622699112536,483.29355330789446,483.29355330789446,-2.1779002766515303,-2.1779002766515303,-2.1779002766515303,-2.1779002766515303,-2.1779002766515303,-2.1779002766515303,0.0,0.0,0.0,481.1156530312429
2024-11-14,482.7899532458217,468.92574999182006,491.38273648108856,482.7899532458217,482.7899532458217,-2.225048782503192,-2.225048782503192,-2.225048782503192,-2.225048782503192,-2.225048782503192,-2.225048782503192,0.0,0.0,0.0,480.56490446331856
2024-11-18,480.77555299753107,469.0148937660406,491.18781599193215,480.77555299753107,480.77555299753107,-1.6053414442433127,-1.6053414442433127,-1.6053414442433127,-1.6053414442433127,-1.6053414442433127,-1.6053414442433127,0.0,0.0,0.0,479.17021155328774
2024-11-19,480.2719529354584,466.9541816471226,489.676246056664,480.2719529354584,480.2719529354584,-2.389118141127434,-2.389118141127434,-2.389118141127434,-2.389118141127434,-2.389118141127434,-2.389118141127434,0.0,0.0,0.0,477.88283479433096
2024-11-21,479.26475281131303,466.28789915656887,488.6302993037722,479.26475281131303,479.26475281131303,-2.2250487824897123,-2.2250487824897123,-2.2250487824897123,-2.2250487824897123,-2.2250487824897123,-2.2250487824897123,0.0,0.0,0.0,477.03970402882334
2024-11-22,478.76115274924035,466.793496201821,489.12821954439886,478.76115274924035,478.76115274924035,-0.7265034817247052,-0.7265034817247052,-0.7265034817247052,-0.7265034817247052,-0.7265034817247052,-0.7265034817247052,0.0,0.0,0.0,478.03464926751565
2024-11-25,477.25035256302243,464.00085584514596,486.7541268413201,477.25035256302243,477.25035256302243,-1.6053414442473766,-1.6053414442473766,-1.6053414442473766,-1.6053414442473766,-1.6053414442473766,-1.6053414442473766,0.0,0.0,0.0,475.6450111187751
2024-11-26,476.74675247430974,463.2831293095385,485.78545948257596,476.74675247430974,476.74675247430974,-2.3891181411228586,-2.3891181411228586,-2.3891181411228586,-2.3891181411228586,-2.3891181411228586,-2.3891181411228586,0.0,0.0,0.0,474.35763433318687
2024-11-27,476.2431523855971,462.6981621245221,485.45661302462577,476.2431523855971,476.2431523855971,-2.1779002766392472,-2.1779002766392472,-2.1779002766392472,-2.1779002766392472,-2.1779002766392472,-2.1779002766392472,0.0,0.0,0.0,474.06525210895785
2024-11-28,475.7395522968845,462.23229373913586,484.8499649694268,475.7395522968845,475.7395522968845,-2.225048782497518,-2.225048782497518,-2.225048782497518,-2.225048782497518,-2.225048782497518,-2.225048782497518,0.0,0.0,0.0,473.51450351438694
2024-11-29,475.23595220817185,463.71866570158085,486.26176540513677,475.23595220817185,475.23595220817185,-0.7265034817207866,-0.7265034817207866,-0.7265034817207866,-0.7265034817207866,-0.7265034817207866,-0.7265034817207866,0.0,0.0,0.0,474.50944872645107
2024-12-02,473.7251519420339,460.7578394300981,484.0496132082778,473.7251519420339,473.7251519420339,-1.6053414442425378,-1.6053414442425378,-1.6053414442425378,-1.6053414442425378,-1.6053414442425378,-1.6053414442425378,0.0,0.0,0.0,472.1198104977914
2024-12-03,473.2215518533212,459.61222497867675,482.65062019364177,473.2215518533212,473.2215518533212,-2.389118141118281,-2.389118141118281,-2.389118141118281,-2.389118141118281,-2.389118141118281,-2.389118141118281,0.0,0.0,0.0,470.83243371220294
2024-12-04,472.71795176460864,459.54123838562344,482.3985438646943,472.71795176460864,472.71795176460864,-2.177900276657031,-2.177900276657031,-2.177900276657031,-2.177900276657031,-2.177900276657031,-2.177900276657031,0.0,0.0,0.0,470.5400514879516
2024-12-05,472.21435167589607,459.20341135882836,481.1168398247804,472.21435167589607,472.21435167589607,-2.2250487824863217,-2.2250487824863217,-2.2250487824863217,-2.2250487824863217,-2.2250487824863217,-2.2250487824863217,0.0,0.0,0.0,469.98930289340973
2024-12-06,471.65695718431454,459.9073447506084,482.2692311197051,471.65695718431454,471.65695718431454,-0.7265034817110094,-0.7265034817110094,-0.7265034817110094,-0.7265034817110094,-0.7265034817110094,-0.7265034817110094,0.0,0.0,0.0,470.93045370260353
2024-12-09,469.98477370957005,458.01502623557093,480.7007979510928,469.98477370957005,469.98477370957005,-1.6053414442358513,-1.6053414442358513,-1.6053414442358513,-1.6053414442358513,-1.6053414442358513,-1.6053414442358513,0.0,0.0,0.0,468.3794322653342
2024-12-10,469.4273792179886,455.77507617119664,478.59076981869504,469.4273792179886,469.4273792179886,-2.3891181411137046,-2.3891181411137046,-2.3891181411137046,-2.3891181411137046,-2.3891181411137046,-2.3891181411137046,0.0,0.0,0.0,467.03826107687485
2024-12-11,468.86998472640704,455.8559809608318,477.6598616516274,468.86998472640704,468.86998472640704,-2.1779002766481774,-2.1779002766481774,-2.1779002766481774,-2.1779002766481774,-2.1779002766481774,-2.1779002766481774,0.0,0.0,0.0,466.69208444975885
2024-12-12,468.3125902348255,454.8793081405362,477.03857302661186,468.3125902348255,468.3125902348255,-2.2250487824941265,-2.2250487824941265,-2.2250487824941265,-2.2250487824941265,-2.2250487824941265,-2.2250487824941265,0.0,0.0,0.0,466.0875414523314
2024-12-13,467.75519574324403,455.5807218066982,478.2009717281115,467.75519574324403,467.75519574324403,-0.7265034817360174,-0.7265034817360174,-0.7265034817360174,-0.7265034817360174,-0.7265034817360174,-0.7265034817360174,0.0,0.0,0.0,467.028692261508
2024-12-16,466.08301226849954,452.83379488166935,475.44481167683057,466.08301226849954,466.08301226849954,-1.6053414442506646,-1.6053414442506646,-1.6053414442506646,-1.6053414442506646,-1.6053414442506646,-1.6053414442506646,0.0,0.0,0.0,464.4776708242489
2024-12-17,465.525617776918,451.2599232611248,474.4792217241011,465.525617776918,465.525617776918,-2.389118141122485,-2.389118141122485,-2.389118141122485,-2.389118141122485,-2.389118141122485,-2.389118141122485,0.0,0.0,0.0,463.13649963579553
2024-12-18,464.96822328533653,451.33670587581776,473.64410149547444,464.96822328533653,464.96822328533653,-2.177900276652643,-2.177900276652643,-2.177900276652643,-2.177900276652643,-2.177900276652643,-2.177900276652643,0.0,0.0,0.0,462.7903230086839
2024-12-19,464.41082879375506,450.0154367378626,473.23162423909696,464.41082879375506,464.41082879375506,-2.225048782501932,-2.225048782501932,-2.225048782501932,-2.225048782501932,-2.225048782501932,-2.225048782501932,0.0,0.0,0.0,462.18578001125314
2024-12-20,463.8534343021736,451.7188599792463,474.3314859815029,463.8534343021736,463.8534343021736,-0.7265034817262407,-0.7265034817262407,-0.7265034817262407,-0.7265034817262407,-0.7265034817262407,-0.7265034817262407,0.0,0.0,0.0,463.12693082044734
2024-12-23,462.1812508274291,449.50051210477363,472.6396252047336,462.1812508274291,462.1812508274291,-1.6053414442439788,-1.6053414442439788,-1.6053414442439788,-1.6053414442439788,-1.6053414442439788,-1.6053414442439788,0.0,0.0,0.0,460.5759093831851
2024-12-24,461.6238563358476,448.16936078280474,470.71356674748506,461.6238563358476,461.6238563358476,-2.389118141126368,-2.389118141126368,-2.389118141126368,-2.389118141126368,-2.389118141126368,-2.389118141126368,0.0,0.0,0.0,459.2347381947213
2024-12-26,460.50906735268455,447.25660005449214,469.2400806322763,460.50906735268455,460.50906735268455,-2.225048782488453,-2.225048782488453,-2.225048782488453,-2.225048782488453,-2.225048782488453,-2.225048782488453,0.0,0.0,0.0,458.2840185701961
2024-12-27,459.9516728611031,448.4654077538971,471.17658833413736,459.9516728611031,459.9516728611031,-0.7265034817281799,-0.7265034817281799,-0.7265034817281799,-0.7265034817281799,-0.7265034817281799,-0.7265034817281799,0.0,0.0,0.0,459.2251693793749
2024-12-30,458.2794893863586,446.382979306808,468.69448891137375,458.2794893863586,458.2794893863586,-1.605341444237292,-1.605341444237292,-1.605341444237292,-1.605341444237292,-1.605341444237292,-1.605341444237292,0.0,0.0,0.0,456.6741479421213
2024-12-31,457.72209489477706,443.3464981723936,467.1489216944507,457.72209489477706,457.72209489477706,-2.3891181411351483,-2.3891181411351483,-2.3891181411351483,-2.3891181411351483,-2.3891181411351483,-2.3891181411351483,0.0,0.0,0.0,455.3329767536419
2025-01-01,457.1647004031956,443.7868069730627,465.48783956108747,457.1647004031956,457.1647004031956,-2.1779002766615747,-2.1779002766615747,-2.1779002766615747,-2.1779002766615747,-2.1779002766615747,-2.1779002766615747,0.0,0.0,0.0,454.98680012653404
2025-01-02,456.6073059116141,443.71874258546643,465.1755807011143,456.6073059116141,456.6073059116141,-2.2250487824962577,-2.2250487824962577,-2.2250487824962577,-2.2250487824962577,-2.2250487824962577,-2.2250487824962577,0.0,0.0,0.0,454.3822571291179
2025-01-03,456.04991142003263,443.9967519942278,466.6827265082265,456.04991142003263,456.04991142003263,-0.7265034817184028,-0.7265034817184028,-0.7265034817184028,-0.7265034817184028,-0.7265034817184028,-0.7265034817184028,0.0,0.0,0.0,455.32340793831423
2025-01-06,454.3777279452881,441.10076747105984,463.4635919817379,454.3777279452881,454.3777279452881,-1.6053414442521057,-1.6053414442521057,-1.6053414442521057,-1.6053414442521057,-1.6053414442521057,-1.6053414442521057,0.0,0.0,0.0,452.77238650103595
2025-01-07,453.8203334537066,440.4713338276006,462.8030338514224,453.8203334537066,453.8203334537066,-2.389118141117215,-2.389118141117215,-2.389118141117215,-2.389118141117215,-2.389118141117215,-2.389118141117215,0.0,0.0,0.0,451.4312153125894
2025-01-08,453.26293896212513,439.8548220241138,462.0497299054636,453.26293896212513,453.26293896212513,-2.177900276658144,-2.177900276658144,-2.177900276658144,-2.177900276658144,-2.177900276658144,-2.177900276658144,0.0,0.0,0.0,451.085038685467
2025-01-09,452.7055444705436,438.3280503727132,461.90201918616197,452.7055444705436,452.7055444705436,-2.2250487824957035,-2.2250487824957035,-2.2250487824957035,-2.2250487824957035,-2.2250487824957035,-2.2250487824957035,0.0,0.0,0.0,450.4804956880479
2025-01-10,452.1481499789621,440.35805148579334,462.345033873074,452.1481499789621,452.1481499789621,-0.726503481708626,-0.726503481708626,-0.726503481708626,-0.726503481708626,-0.726503481708626,-0.726503481708626,0.0,0.0,0.0,451.4216464972535
2025-01-13,450.47596650421764,437.7835007214085,460.4047956724329,450.47596650421764,450.47596650421764,-1.605341444245419,-1.605341444245419,-1.605341444245419,-1.605341444245419,-1.605341444245419,-1.605341444245419,0.0,0.0,0.0,448.8706250599722
2025-01-14,449.91857201263616,436.63275962243915,459.4526091745468,449.91857201263616,449.91857201263616,-2.3891181411259947,-2.3891181411259947,-2.3891181411259947,-2.3891181411259947,-2.3891181411259947,-2.3891181411259947,0.0,0.0,0.0,447.52945387151016
2025-01-15,449.3611775210546,436.21384316500956,457.83203210174077,449.3611775210546,449.3611775210546,-2.17790027666261,-2.17790027666261,-2.17790027666261,-2.17790027666261,-2.17790027666261,-2.17790027666261,0.0,0.0,0.0,447.183277244392
2025-01-16,448.8037830294731,435.21410338497236,458.08322302170933,448.8037830294731,448.8037830294731,-2.225048782503509,-2.225048782503509,-2.225048782503509,-2.225048782503509,-2.225048782503509,-2.225048782503509,0.0,0.0,0.0,446.5787342469696
2025-01-17,448.2463885378916,436.5010276971309,458.14290139723215,448.2463885378916,448.2463885378916,-0.7265034817105658,-0.7265034817105658,-0.7265034817105658,-0.7265034817105658,-0.7265034817105658,-0.7265034817105658,0.0,0.0,0.0,447.51988505618107
2025-01-20,446.57420506314713,433.36234108889033,456.2356279980925,446.57420506314713,446.57420506314713,-1.6053414442405802,-1.6053414442405802,-1.6053414442405802,-1.6053414442405802,-1.6053414442405802,-1.6053414442405802,0.0,0.0,0.0,444.96886361890654
2025-01-21,446.0168105715656,432.3557508021392,454.7091367642339,446.0168105715656,446.0168105715656,-2.3891181411347757,-2.3891181411347757,-2.3891181411347757,-2.3891181411347757,-2.3891181411347757,-2.3891181411347757,0.0,0.0,0.0,443.62769243043084
2025-01-22,445.4594160799841,431.91253351623686,453.74358971922595,445.4594160799841,445.4594160799841,-2.177900276653757,-2.177900276653757,-2.177900276653757,-2.177900276653757,-2.177900276653757,-2.177900276653757,0.0,0.0,0.0,443.28151580333036
2025-01-23,444.90202158840265,432.1275742753593,454.3257050594219,444.90202158840265,444.90202158840265,-2.225048782500671,-2.225048782500671,-2.225048782500671,-2.225048782500671,-2.225048782500671,-2.225048782500671,0.0,0.0,0.0,442.676972805902
2025-01-24,444.34462709682117,431.51579436350335,453.88434259693673,444.34462709682117,444.34462709682117,-0.7265034817007887,-0.7265034817007887,-0.7265034817007887,-0.7265034817007887,-0.7265034817007887,-0.7265034817007887,0.0,0.0,0.0,443.6181236151204
2025-01-27,442.6724436220767,430.8503177566838,452.34081653949283,442.6724436220767,442.6724436220767,-1.605341444233894,-1.605341444233894,-1.605341444233894,-1.605341444233894,-1.605341444233894,-1.605341444233894,0.0,0.0,0.0,441.0671021778428
2025-01-28,442.1150491304952,428.44655442059843,451.2595834876428,442.1150491304952,442.1150491304952,-2.389118141116842,-2.389118141116842,-2.389118141116842,-2.389118141116842,-2.389118141116842,-2.389118141116842,0.0,0.0,0.0,439.72593098937836
2025-01-29,441.5576546389137,427.60960184362307,450.1119902515138,441.5576546389137,441.5576546389137,-2.177900276671541,-2.177900276671541,-2.177900276671541,-2.177900276671541,-2.177900276671541,-2.177900276671541,0.0,0.0,0.0,439.3797543622421
2025-01-30,441.00026014733214,428.2952109122656,450.00545016946575,441.00026014733214,441.00026014733214,-2.2250487824978338,-2.2250487824978338,-2.2250487824978338,-2.2250487824978338,-2.2250487824978338,-2.2250487824978338,0.0,0.0,0.0,438.7752113648343
2025-01-31,440.44286565575067,428.8492656614157,450.69615175645106,440.44286565575067,440.44286565575067,-0.7265034817257959,-0.7265034817257959,-0.7265034817257959,-0.7265034817257959,-0.7265034817257959,-0.7265034817257959,0.0,0.0,0.0,439.7163621740249
2025-02-01,439.8854711641692,436.8444624001963,459.29117402224506,439.8854711641692,439.8854711641692,8.163558175876016,8.163558175876016,8.163558175876016,8.163558175876016,8.163558175876016,8.163558175876016,0.0,0.0,0.0,448.0490293400452
2025-02-03,438.7706821810062,425.96218821789085,448.4721406268416,438.7706821810062,438.7706821810062,-1.6053414442379574,-1.6053414442379574,-1.6053414442379574,-1.6053414442379574,-1.6053414442379574,-1.6053414442379574,0.0,0.0,0.0,437.1653407367682
2025-02-04,438.21328768942465,422.8366880191664,446.5457492814851,438.21328768942465,438.21328768942465,-2.389118141134082,-2.389118141134082,-2.389118141134082,-2.389118141134082,-2.389118141134082,-2.389118141134082,0.0,0.0,0.0,435.82416954829057
2025-02-05,437.65589319784317,424.09546986879735,447.1455864711652,437.65589319784317,437.65589319784317,-2.177900276654792,-2.177900276654792,-2.177900276654792,-2.177900276654792,-2.177900276654792,-2.177900276654792,0.0,0.0,0.0,435.4779929211884
2025-02-06,437.09849870626175,422.9546835520484,446.4580432023326,437.09849870626175,437.09849870626175,-2.2250487824949974,-2.2250487824949974,-2.2250487824949974,-2.2250487824949974,-2.2250487824949974,-2.2250487824949974,0.0,0.0,0.0,434.87344992376677
2025-02-07,436.5411042146802,424.58844629673337,446.89476751812185,436.5411042146802,436.5411042146802,-0.7265034817160192,-0.7265034817160192,-0.7265034817160192,-0.7265034817160192,-0.7265034817160192,-0.7265034817160192,0.0,0.0,0.0,435.8146007329642
2025-02-10,434.8689207399357,422.50708853266997,444.52464692867085,434.8689207399357,434.8689207399357,-1.6053414442420209,-1.6053414442420209,-1.6053414442420209,-1.6053414442420209,-1.6053414442420209,-1.6053414442420209,0.0,0.0,0.0,433.26357929569366
2025-02-11,434.31152624835426,421.1683984531566,443.02413685990774,434.31152624835426,434.31152624835426,-2.389118141116148,-2.389118141116148,-2.389118141116148,-2.389118141116148,-2.389118141116148,-2.389118141116148,0.0,0.0,0.0,431.9224081072381
2025-02-12,433.7541317567727,419.83389644848353,442.67308680439476,433.7541317567727,433.7541317567727,-2.177900276659258,-2.177900276659258,-2.177900276659258,-2.177900276659258,-2.177900276659258,-2.177900276659258,0.0,0.0,0.0,431.57623148011345
2025-02-13,433.1967372651912,420.30387286751994,441.66335945081437,433.1967372651912,433.1967372651912,-2.2250487825028022,-2.2250487825028022,-2.2250487825028022,-2.2250487825028022,-2.2250487825028022,-2.2250487825028022,0.0,0.0,0.0,430.97168848268836
2025-02-14,432.63934277360966,421.06151903124953,442.7265237279778,432.63934277360966,432.63934277360966,-0.726503481712101,-0.726503481712101,-0.726503481712101,-0.726503481712101,-0.726503481712101,-0.726503481712101,0.0,0.0,0.0,431.91283929189757
2025-02-15,432.08194828202824,429.96234250978523,451.43386030693813,432.08194828202824,432.08194828202824,8.163558175878004,8.163558175878004,8.163558175878004,8.163558175878004,8.163558175878004,8.163558175878004,0.0,0.0,0.0,440.24550645790623
2025-02-16,431.52455379044676,421.946186873362,444.4405436412275,431.52455379044676,431.52455379044676,0.9603539503723545,0.9603539503723545,0.9603539503723545,0.9603539503723545,0.9603539503723545,0.9603539503723545,0.0,0.0,0.0,432.4849077408191
2025-02-17,430.9671592988652,417.69018628281026,440.63038977950816,430.9671592988652,430.9734522153338,-1.6053414442460847,-1.6053414442460847,-1.6053414442460847,-1.6053414442460847,-1.6053414442460847,-1.6053414442460847,0.0,0.0,0.0,429.3618178546191
2025-02-18,430.4097648072837,416.772175642394,439.62296143001004,430.37094616533756,430.50648719795424,-2.3891181411249285,-2.3891181411249285,-2.3891181411249285,-2.3891181411249285,-2.3891181411249285,-2.3891181411249285,0.0,0.0,0.0,428.02064666615877
2025-02-19,429.8523703157022,417.02741169411996,439.7828608487308,429.7539899388125,430.035936379439,-2.1779002766504036,-2.1779002766504036,-2.1779002766504036,-2.1779002766504036,-2.1779002766504036,-2.1779002766504036,0.0,0.0,0.0,427.6744700390518
2025-02-20,429.29497582412074,416.05998396527104,438.1364406268844,429.09785111014884,429.5991273025431,-2.2250487824893224,-2.2250487824893224,-2.2250487824893224,-2.2250487824893224,-2.2250487824893224,-2.2250487824893224,0.0,0.0,0.0,427.06992704163144
2025-02-21,428.73758133253926,417.01441564108535,439.0896294832433,428.4286543556628,429.23358836140403,-0.726503481742967,-0.726503481742967,-0.726503481742967,-0.726503481742967,-0.726503481742967,-0.726503481742967,0.0,0.0,0.0,428.0110778507963
2025-02-22,428.18018684095773,425.8761567438131,447.9387043742849,427.7152547813937,428.84976209645134,8.163558175878824,8.163558175878824,8.163558175878824,8.163558175878824,8.163558175878824,8.163558175878824,0.0,0.0,0.0,436.3437450168366
2025-02-23,427.6227923493762,417.9229277418639,440.1836797733531,427.0078960853879,428.46731342351035,0.960353950368643,0.960353950368643,0.960353950368643,0.960353950368643,0.960353950368643,0.960353950368643,0.0,0.0,0.0,428.58314629974484
2025-02-24,427.06539785779466,413.8698592286779,436.4392628818769,426.30041159857063,428.1291284684416,-1.6053414442393983,-1.6053414442393983,-1.6053414442393983,-1.6053414442393983,-1.6053414442393983,-1.6053414442393983,0.0,0.0,0.0,425.46005641355526
2025-02-25,426.5080033662133,413.1421168605887,435.89047680138054,425.59419897597576,427.79824750059544,-2.3891181411203513,-2.3891181411203513,-2.3891181411203513,-2.3891181411203513,-2.3891181411203513,-2.3891181411203513,0.0,0.0,0.0,424.1188852250929
2025-02-26,425.95060887463177,411.64671684131645,435.00424501365353,424.8595694843949,427.4463846700784,-2.177900276641551,-2.177900276641551,-2.177900276641551,-2.177900276641551,-2.177900276641551,-2.177900276641551,0.0,0.0,0.0,423.77270859799023
2025-02-27,425.39321438305024,412.9781365432867,435.4005491370631,423.9655583831648,427.04035990285877,-2.225048782499411,-2.225048782499411,-2.225048782499411,-2.225048782499411,-2.225048782499411,-2.225048782499411,0.0,0.0,0.0,423.1681656005508
2025-02-28,424.8358198914687,412.6213234297433,436.0572509763432,423.2178854139535,426.6870931592726,-0.7265034817390478,-0.7265034817390478,-0.7265034817390478,-0.7265034817390478,-0.7265034817390478,-0.7265034817390478,0.0,0.0,0.0,424.1093164097297
2025-03-01,424.2784253998872,420.8113890957169,444.18426499823653,422.4445155253448,426.2955375418222,8.163558175879817,8.163558175879817,8.163558175879817,8.163558175879817,8.163558175879817,8.163558175879817,0.0,0.0,0.0,432.44198357576704
2025-03-02,423.72103090830575,413.04846567022423,435.5032202390224,421.677759388602,425.99951309961796,0.9603539503589185,0.9603539503589185,0.9603539503589185,0.9603539503589185,0.9603539503589185,0.9603539503589185,0.0,0.0,0.0,424.68138485866467
2025-03-03,423.1636364167243,409.75441696416163,433.31590670820304,420.89710355523107,425.679103056599,-1.6053414442453093,-1.6053414442453093,-1.6053414442453093,-1.6053414442453093,-1.6053414442453093,-1.6053414442453093,0.0,0.0,0.0,421.55829497247896
2025-03-04,422.60624192514274,408.2074374096824,432.8211095574659,420.0821390500624,425.36658756802206,-2.389118141124234,-2.389118141124234,-2.389118141124234,-2.389118141124234,-2.389118141124234,-2.389118141124234,0.0,0.0,0.0,420.2171237840185
2025-03-05,422.0488474335612,407.4981408927367,432.1441270990051,419.25823305303385,425.0644199452402,-2.1779002766593347,-2.1779002766593347,-2.1779002766593347,-2.1779002766593347,-2.1779002766593347,-2.1779002766593347,0.0,0.0,0.0,419.8709471569019
2025-03-06,421.49145294197973,407.91746533010144,430.7271464501473,418.4635595489731,424.7186671452293,-2.225048782496574,-2.225048782496574,-2.225048782496574,-2.225048782496574,-2.225048782496574,-2.225048782496574,0.0,0.0,0.0,419.26640415948316
2025-03-07,420.9340584503983,409.2109788982365,431.4188730183263,417.55585788595704,424.43371704237535,-0.7265034817292708,-0.7265034817292708,-0.7265034817292708,-0.7265034817292708,-0.7265034817292708,-0.7265034817292708,0.0,0.0,0.0,420.20755496866906
2025-03-08,420.3766639588168,416.62983931019664,440.34920910913723,416.60705360315416,424.2164795140328,8.163558175880725,8.163558175880725,8.163558175880725,8.163558175880725,8.163558175880725,8.163558175880725,0.0,0.0,0.0,428.5402221346975
2025-03-09,419.81926946723524,408.65957144390137,432.66086767010836,415.73349549186594,424.06280208518,0.9603539503491936,0.9603539503491936,0.9603539503491936,0.9603539503491936,0.9603539503491936,0.9603539503491936,0.0,0.0,0.0,420.77962341758445
2025-03-10,419.2618749756537,405.2562152785211,429.53130546313116,414.9548030231483,423.88454451398246,-1.6053414442386231,-1.6053414442386231,-1.6053414442386231,-1.6053414442386231,-1.6053414442386231,-1.6053414442386231,0.0,0.0,0.0,417.6565335314151
2025-03-11,418.7044804840723,404.2466085087495,428.8355681935062,414.1365908834968,423.5711225768537,-2.3891181411196585,-2.3891181411196585,-2.3891181411196585,-2.3891181411196585,-2.3891181411196585,-2.3891181411196585,0.0,0.0,0.0,416.31536234295265
2025-03-12,418.14708599249076,402.97879064168507,428.2803096246498,413.2580138522417,423.363957225748,-2.1779002766504822,-2.1779002766504822,-2.1779002766504822,-2.1779002766504822,-2.1779002766504822,-2.1779002766504822,0.0,0.0,0.0,415.9691857158403
2025-03-13,417.5896915009093,403.23595067005357,428.38909316015213,412.48675645048286,423.1436169145598,-2.2250487825043788,-2.2250487825043788,-2.2250487825043788,-2.2250487825043788,-2.2250487825043788,-2.2250487825043788,0.0,0.0,0.0,415.3646427184049
2025-03-14,417.03229700932775,402.73054965365856,428.9198095300089,411.6062450334908,422.9581761983788,-0.7265034817253522,-0.7265034817253522,-0.7265034817253522,-0.7265034817253522,-0.7265034817253522,-0.7265034817253522,0.0,0.0,0.0,416.3057935276024
2025-03-15,416.4749025177462,411.8226059293035,437.7077715015228,410.6697191519129,422.82920329259593,8.163558175876526,8.163558175876526,8.163558175876526,8.163558175876526,8.163558175876526,8.163558175876526,0.0,0.0,0.0,424.63846069362273
2025-03-16,415.91750802616474,404.1735915649171,430.60389240899593,409.88833051730893,422.6480310264132,0.9603539503514958,0.9603539503514958,0.9603539503514958,0.9603539503514958,0.9603539503514958,0.9603539503514958,0.0,0.0,0.0,416.8778619765162
